TABLE_NAME	COLUMN_NAME	COLUMN_TYPE	IS_NULLABLE	COLUMN_KEY
m_admin	id	bigint	NO	PRI
m_admin	biodata_id	bigint	YES	
m_admin	code	varchar(10)	YES	
m_admin	created_by	bigint	NO	
m_admin	created_on	datetime	NO	
m_admin	modified_by	bigint	YES	
m_admin	modified_on	datetime	YES	
m_admin	deleted_by	bigint	YES	
m_admin	deleted_on	datetime	YES	
m_admin	is_delete	tinyint(1)	NO	
m_bank	id	bigint	NO	PRI
m_bank	name	varchar(100)	YES	
m_bank	va_code	varchar(10)	YES	
m_bank	created_by	bigint	NO	
m_bank	created_on	datetime	NO	
m_bank	modified_by	bigint	YES	
m_bank	modified_on	datetime	YES	
m_bank	deleted_by	bigint	YES	
m_bank	deleted_on	datetime	YES	
m_bank	is_delete	tinyint(1)	NO	
m_biodata	id	bigint	NO	PRI
m_biodata	fullname	varchar(255)	YES	
m_biodata	mobile_phone	varchar(15)	YES	
m_biodata	image	mediumblob	YES	
m_biodata	image_path	varchar(255)	YES	
m_biodata	created_by	bigint	NO	
m_biodata	created_on	datetime	NO	
m_biodata	modified_by	bigint	YES	
m_biodata	modified_on	datetime	YES	
m_biodata	deleted_by	bigint	YES	
m_biodata	deleted_on	datetime	YES	
m_biodata	is_delete	tinyint(1)	NO	
m_biodata_address	id	bigint	NO	PRI
m_biodata_address	biodata_id	bigint	YES	
m_biodata_address	label	varchar(100)	YES	
m_biodata_address	recipient	varchar(100)	YES	
m_biodata_address	recipient_phone_number	varchar(15)	YES	
m_biodata_address	location_id	bigint	YES	
m_biodata_address	postal_code	varchar(10)	YES	
m_biodata_address	address	text	YES	
m_biodata_address	created_by	bigint	NO	
m_biodata_address	created_on	datetime	NO	
m_biodata_address	modified_by	bigint	YES	
m_biodata_address	modified_on	datetime	YES	
m_biodata_address	deleted_by	bigint	YES	
m_biodata_address	deleted_on	datetime	YES	
m_biodata_address	is_delete	tinyint(1)	NO	
m_biodata_attachment	id	bigint	NO	PRI
m_biodata_attachment	biodata_id	bigint	YES	
m_biodata_attachment	file_name	varchar(50)	YES	
m_biodata_attachment	file_path	varchar(100)	YES	
m_biodata_attachment	file_size	int	YES	
m_biodata_attachment	file	mediumblob	YES	
m_biodata_attachment	created_by	bigint	NO	
m_biodata_attachment	created_on	datetime	NO	
m_biodata_attachment	modified_by	bigint	YES	
m_biodata_attachment	modified_on	datetime	YES	
m_biodata_attachment	deleted_by	bigint	YES	
m_biodata_attachment	deleted_on	datetime	YES	
m_biodata_attachment	is_delete	tinyint(1)	NO	
m_blood_group	id	bigint	NO	PRI
m_blood_group	code	varchar(5)	YES	
m_blood_group	descrtiption	varchar(255)	YES	
m_blood_group	created_by	bigint	NO	
m_blood_group	created_on	datetime	NO	
m_blood_group	modified_by	bigint	YES	
m_blood_group	modified_on	datetime	YES	
m_blood_group	deleted_by	bigint	YES	
m_blood_group	deleted_on	datetime	YES	
m_blood_group	is_delete	tinyint(1)	NO	
m_courier	id	bigint	NO	PRI
m_courier	name	varchar(50)	YES	
m_courier	created_by	bigint	NO	
m_courier	created_on	datetime	NO	
m_courier	modified_by	bigint	YES	
m_courier	modified_on	datetime	YES	
m_courier	deleted_by	bigint	YES	
m_courier	deleted_on	datetime	YES	
m_courier	is_delete	tinyint(1)	NO	
m_courier_type	id	bigint	NO	PRI
m_courier_type	courier_id	bigint	YES	
m_courier_type	name	varchar(20)	YES	
m_courier_type	created_by	bigint	NO	
m_courier_type	created_on	datetime	NO	
m_courier_type	modified_by	bigint	YES	
m_courier_type	modified_on	datetime	YES	
m_courier_type	deleted_by	bigint	YES	
m_courier_type	deleted_on	datetime	YES	
m_courier_type	is_delete	tinyint(1)	NO	
m_customer	id	bigint	NO	PRI
m_customer	biodata_id	bigint	YES	
m_customer	dob	date	YES	
m_customer	gender	varchar(1)	YES	
m_customer	blood_group_id	bigint	YES	
m_customer	rhesus_type	varchar(5)	YES	
m_customer	height	decimal(10,0)	YES	
m_customer	weight	decimal(10,0)	YES	
m_customer	created_by	bigint	NO	
m_customer	created_on	datetime	NO	
m_customer	modified_by	bigint	YES	
m_customer	modified_on	datetime	YES	
m_customer	deleted_by	bigint	YES	
m_customer	deleted_on	datetime	YES	
m_customer	is_delete	tinyint(1)	NO	
m_customer_member	id	bigint	NO	PRI
m_customer_member	parent_biodata_id	bigint	YES	
m_customer_member	customer_id	bigint	YES	
m_customer_member	customer_relation_id	bigint	YES	
m_customer_member	created_by	bigint	NO	
m_customer_member	created_on	datetime	NO	
m_customer_member	modified_by	bigint	YES	
m_customer_member	modified_on	datetime	YES	
m_customer_member	deleted_by	bigint	YES	
m_customer_member	deleted_on	datetime	YES	
m_customer_member	is_delete	tinyint(1)	NO	
m_customer_relation	id	bigint	NO	PRI
m_customer_relation	name	varchar(50)	YES	
m_customer_relation	created_by	bigint	NO	
m_customer_relation	created_on	datetime	NO	
m_customer_relation	modified_by	bigint	YES	
m_customer_relation	modified_on	datetime	YES	
m_customer_relation	deleted_by	bigint	YES	
m_customer_relation	deleted_on	datetime	YES	
m_customer_relation	is_delete	tinyint(1)	NO	
m_doctor	id	bigint	NO	PRI
m_doctor	biodata_id	bigint	YES	
m_doctor	str_code	varchar(50)	YES	
m_doctor	created_by	bigint	NO	
m_doctor	created_on	datetime	NO	
m_doctor	modified_by	bigint	YES	
m_doctor	modified_on	datetime	YES	
m_doctor	deleted_by	bigint	YES	
m_doctor	deleted_on	datetime	YES	
m_doctor	is_delete	tinyint(1)	NO	
m_doctor_education	id	bigint	NO	PRI
m_doctor_education	doctor_id	bigint	YES	
m_doctor_education	education_level_id	bigint	YES	
m_doctor_education	institution_name	varchar(100)	YES	
m_doctor_education	major	varchar(100)	YES	
m_doctor_education	start_year	varchar(4)	YES	
m_doctor_education	end_year	varchar(4)	YES	
m_doctor_education	is_last_education	tinyint(1)	YES	
m_doctor_education	created_by	bigint	NO	
m_doctor_education	created_on	datetime	NO	
m_doctor_education	modified_by	bigint	YES	
m_doctor_education	modified_on	datetime	YES	
m_doctor_education	deleted_by	bigint	YES	
m_doctor_education	deleted_on	datetime	YES	
m_doctor_education	is_delete	tinyint(1)	NO	
m_education_level	id	bigint	NO	PRI
m_education_level	name	varchar(10)	YES	
m_education_level	created_by	bigint	NO	
m_education_level	created_on	datetime	NO	
m_education_level	modified_by	bigint	YES	
m_education_level	modified_on	datetime	YES	
m_education_level	deleted_by	bigint	YES	
m_education_level	deleted_on	datetime	YES	
m_education_level	is_delete	tinyint(1)	NO	
m_location	id	bigint	NO	PRI
m_location	name	varchar(100)	YES	
m_location	parent_id	bigint	YES	
m_location	location_level_id	bigint	YES	
m_location	created_by	bigint	NO	
m_location	created_on	datetime	NO	
m_location	modified_by	bigint	YES	
m_location	modified_on	datetime	YES	
m_location	deleted_by	bigint	YES	
m_location	deleted_on	datetime	YES	
m_location	is_delete	tinyint(1)	NO	
m_location_level	id	bigint	NO	PRI
m_location_level	name	varchar(50)	YES	
m_location_level	abbreviation	varchar(50)	YES	
m_location_level	created_by	bigint	NO	
m_location_level	created_on	datetime	NO	
m_location_level	modified_by	bigint	YES	
m_location_level	modified_on	datetime	YES	
m_location_level	deleted_by	bigint	YES	
m_location_level	deleted_on	datetime	YES	
m_location_level	is_delete	tinyint(1)	NO	
m_medical_facility	id	bigint	NO	PRI
m_medical_facility	name	varchar(50)	YES	
m_medical_facility	medical_facility_category_id	bigint	YES	
m_medical_facility	location_id	bigint	YES	
m_medical_facility	full_address	text	YES	
m_medical_facility	email	varchar(100)	YES	
m_medical_facility	phone_code	varchar(10)	YES	
m_medical_facility	phone	varchar(15)	YES	
m_medical_facility	fax	varchar(15)	YES	
m_medical_facility	created_by	bigint	NO	
m_medical_facility	created_on	datetime	NO	
m_medical_facility	modified_by	bigint	YES	
m_medical_facility	modified_on	datetime	YES	
m_medical_facility	deleted_by	bigint	YES	
m_medical_facility	deleted_on	datetime	YES	
m_medical_facility	is_delete	tinyint(1)	NO	
m_medical_facility_category	id	bigint	NO	PRI
m_medical_facility_category	name	varchar(50)	YES	
m_medical_facility_category	created_by	bigint	NO	
m_medical_facility_category	created_on	datetime	NO	
m_medical_facility_category	modified_by	bigint	YES	
m_medical_facility_category	modified_on	datetime	YES	
m_medical_facility_category	deleted_by	bigint	YES	
m_medical_facility_category	deleted_on	datetime	YES	
m_medical_facility_category	is_delete	tinyint(1)	NO	
m_medical_facility_schedule	id	bigint	NO	PRI
m_medical_facility_schedule	medical_facility_id	bigint	YES	
m_medical_facility_schedule	day	varchar(10)	YES	
m_medical_facility_schedule	time_schedule_start	varchar(10)	YES	
m_medical_facility_schedule	time_schedule_end	varchar(10)	YES	
m_medical_facility_schedule	created_by	bigint	NO	
m_medical_facility_schedule	created_on	datetime	NO	
m_medical_facility_schedule	modified_by	bigint	YES	
m_medical_facility_schedule	modified_on	datetime	YES	
m_medical_facility_schedule	deleted_by	bigint	YES	
m_medical_facility_schedule	deleted_on	datetime	YES	
m_medical_facility_schedule	is_delete	tinyint(1)	NO	
m_medical_item	id	bigint	NO	PRI
m_medical_item	name	varchar(50)	YES	
m_medical_item	medical_item_category_id	bigint	YES	
m_medical_item	composition	text	YES	
m_medical_item	medical_item_segmentation_id	bigint	YES	
m_medical_item	manufacturer	varchar(100)	YES	
m_medical_item	indication	text	YES	
m_medical_item	dosage	text	YES	
m_medical_item	directions	text	YES	
m_medical_item	contraindication	text	YES	
m_medical_item	caution	text	YES	
m_medical_item	packaging	varchar(50)	YES	
m_medical_item	price_max	bigint	YES	
m_medical_item	price_min	bigint	YES	
m_medical_item	image	mediumblob	YES	
m_medical_item	image_path	varchar(100)	YES	
m_medical_item	created_by	bigint	NO	
m_medical_item	created_on	datetime	NO	
m_medical_item	modified_by	bigint	YES	
m_medical_item	modified_on	datetime	YES	
m_medical_item	deleted_by	bigint	YES	
m_medical_item	deleted_on	datetime	YES	
m_medical_item	is_delete	tinyint(1)	NO	
m_medical_item_category	id	bigint	NO	PRI
m_medical_item_category	name	varchar(50)	YES	
m_medical_item_category	created_by	bigint	NO	
m_medical_item_category	created_on	datetime	NO	
m_medical_item_category	modified_by	bigint	YES	
m_medical_item_category	modified_on	datetime	YES	
m_medical_item_category	deleted_by	bigint	YES	
m_medical_item_category	deleted_on	datetime	YES	
m_medical_item_category	is_delete	tinyint(1)	NO	
m_medical_item_segmentation	id	bigint	NO	PRI
m_medical_item_segmentation	name	varchar(50)	YES	
m_medical_item_segmentation	created_by	bigint	NO	
m_medical_item_segmentation	created_on	datetime	NO	
m_medical_item_segmentation	modified_by	bigint	YES	
m_medical_item_segmentation	modified_on	datetime	YES	
m_medical_item_segmentation	deleted_by	bigint	YES	
m_medical_item_segmentation	deleted_on	datetime	YES	
m_medical_item_segmentation	is_delete	tinyint(1)	NO	
m_menu	id	bigint	NO	PRI
m_menu	name	varchar(20)	YES	
m_menu	url	varchar(50)	YES	
m_menu	parent_id	bigint	YES	
m_menu	big_icon	varchar(100)	YES	
m_menu	small_icon	varchar(100)	YES	
m_menu	created_by	bigint	NO	
m_menu	created_on	datetime	NO	
m_menu	modified_by	bigint	YES	
m_menu	modified_on	datetime	YES	
m_menu	deleted_by	bigint	YES	
m_menu	deleted_on	datetime	YES	
m_menu	is_delete	tinyint(1)	NO	
m_menu_role	id	bigint	NO	PRI
m_menu_role	menu_id	bigint	YES	
m_menu_role	role_id	bigint	YES	
m_menu_role	created_by	bigint	NO	
m_menu_role	created_on	datetime	NO	
m_menu_role	modified_by	bigint	YES	
m_menu_role	modified_on	datetime	YES	
m_menu_role	deleted_by	bigint	YES	
m_menu_role	deleted_on	datetime	YES	
m_menu_role	is_delete	tinyint(1)	NO	
m_payment_method	id	bigint	NO	PRI
m_payment_method	name	varchar(50)	YES	
m_payment_method	created_by	bigint	NO	
m_payment_method	created_on	datetime	NO	
m_payment_method	modified_by	bigint	YES	
m_payment_method	modified_on	datetime	YES	
m_payment_method	deleted_by	bigint	YES	
m_payment_method	deleted_on	datetime	YES	
m_payment_method	is_delete	tinyint(1)	NO	
m_role	id	bigint	NO	PRI
m_role	name	varchar(20)	YES	
m_role	code	varchar(20)	YES	
m_role	created_by	bigint	NO	
m_role	created_on	datetime	NO	
m_role	modified_by	bigint	YES	
m_role	modified_on	datetime	YES	
m_role	deleted_by	bigint	YES	
m_role	deleted_on	datetime	YES	
m_role	is_delete	tinyint(1)	NO	
m_specialization	id	bigint	NO	PRI
m_specialization	name	varchar(50)	YES	
m_specialization	created_by	bigint	NO	
m_specialization	created_on	datetime	NO	
m_specialization	modified_by	bigint	YES	
m_specialization	modified_on	datetime	YES	
m_specialization	deleted_by	bigint	YES	
m_specialization	deleted_on	datetime	YES	
m_specialization	is_delete	tinyint(1)	NO	
m_user	id	bigint	NO	PRI
m_user	biodata_id	bigint	YES	
m_user	role_id	bigint	YES	
m_user	email	varchar(100)	YES	
m_user	password	varchar(255)	YES	
m_user	login_attempt	int	YES	
m_user	is_locked	tinyint(1)	YES	
m_user	last_login	datetime	YES	
m_user	created_by	bigint	NO	
m_user	created_on	datetime	NO	
m_user	modified_by	bigint	YES	
m_user	modified_on	datetime	YES	
m_user	deleted_by	bigint	YES	
m_user	deleted_on	datetime	YES	
m_user	is_delete	tinyint(1)	NO	
m_wallet_default_nominal	id	bigint	NO	PRI
m_wallet_default_nominal	nominal	int	YES	
m_wallet_default_nominal	created_by	bigint	NO	
m_wallet_default_nominal	created_on	datetime	NO	
m_wallet_default_nominal	modified_by	bigint	YES	
m_wallet_default_nominal	modified_on	datetime	YES	
m_wallet_default_nominal	deleted_by	bigint	YES	
m_wallet_default_nominal	deleted_on	datetime	YES	
m_wallet_default_nominal	is_delete	tinyint(1)	NO	
t_appointment	id	bigint	NO	PRI
t_appointment	customer_id	bigint	YES	
t_appointment	doctor_office_id	bigint	YES	
t_appointment	doctor_office_schedule_id	bigint	YES	
t_appointment	doctor_office_treatment_id	bigint	YES	
t_appointment	appointment_date	date	YES	
t_appointment	created_by	bigint	NO	
t_appointment	created_on	datetime	NO	
t_appointment	modified_by	bigint	YES	
t_appointment	modified_on	datetime	YES	
t_appointment	deleted_by	bigint	YES	
t_appointment	deleted_on	datetime	YES	
t_appointment	is_delete	tinyint(1)	NO	
t_appointment_cancellation	id	bigint	NO	PRI
t_appointment_cancellation	appointment_id	bigint	YES	
t_appointment_cancellation	created_by	bigint	NO	
t_appointment_cancellation	created_on	datetime	NO	
t_appointment_cancellation	modified_by	bigint	YES	
t_appointment_cancellation	modified_on	datetime	YES	
t_appointment_cancellation	deleted_by	bigint	YES	
t_appointment_cancellation	deleted_on	datetime	YES	
t_appointment_cancellation	is_delete	tinyint(1)	NO	
t_appointment_done	id	bigint	NO	PRI
t_appointment_done	appointment_id	bigint	YES	
t_appointment_done	created_by	bigint	NO	
t_appointment_done	created_on	datetime	NO	
t_appointment_done	modified_by	bigint	YES	
t_appointment_done	modified_on	datetime	YES	
t_appointment_done	deleted_by	bigint	YES	
t_appointment_done	deleted_on	datetime	YES	
t_appointment_done	is_delete	tinyint(1)	NO	
t_appointment_reschedule_history	id	bigint	NO	PRI
t_appointment_reschedule_history	appointment_id	bigint	YES	
t_appointment_reschedule_history	doctor_office_schedule_id	bigint	YES	
t_appointment_reschedule_history	doctor_office_treatment_id	bigint	YES	
t_appointment_reschedule_history	appointment_date	date	YES	
t_appointment_reschedule_history	created_by	bigint	NO	
t_appointment_reschedule_history	created_on	datetime	NO	
t_appointment_reschedule_history	modified_by	bigint	YES	
t_appointment_reschedule_history	modified_on	datetime	YES	
t_appointment_reschedule_history	deleted_by	bigint	YES	
t_appointment_reschedule_history	deleted_on	datetime	YES	
t_appointment_reschedule_history	is_delete	tinyint(1)	NO	
t_courier_discount	id	bigint	NO	PRI
t_courier_discount	courier_type_id	bigint	YES	
t_courier_discount	value	decimal(10,0)	YES	
t_courier_discount	created_by	bigint	NO	
t_courier_discount	created_on	datetime	NO	
t_courier_discount	modified_by	bigint	YES	
t_courier_discount	modified_on	datetime	YES	
t_courier_discount	deleted_by	bigint	YES	
t_courier_discount	deleted_on	datetime	YES	
t_courier_discount	is_delete	tinyint(1)	NO	
t_current_doctor_specialization	id	bigint	NO	PRI
t_current_doctor_specialization	doctor_id	bigint	YES	
t_current_doctor_specialization	specialization_id	bigint	YES	
t_current_doctor_specialization	created_by	bigint	NO	
t_current_doctor_specialization	created_on	datetime	NO	
t_current_doctor_specialization	modified_by	bigint	YES	
t_current_doctor_specialization	modified_on	datetime	YES	
t_current_doctor_specialization	deleted_by	bigint	YES	
t_current_doctor_specialization	deleted_on	datetime	YES	
t_current_doctor_specialization	is_delete	tinyint(1)	NO	
t_customer_chat	id	bigint	NO	PRI
t_customer_chat	customer_id	bigint	YES	
t_customer_chat	doctor_id	bigint	YES	
t_customer_chat	created_by	bigint	NO	
t_customer_chat	created_on	datetime	NO	
t_customer_chat	modified_by	bigint	YES	
t_customer_chat	modified_on	datetime	YES	
t_customer_chat	deleted_by	bigint	YES	
t_customer_chat	deleted_on	datetime	YES	
t_customer_chat	is_delete	tinyint(1)	NO	
t_customer_chat_history	id	bigint	NO	PRI
t_customer_chat_history	customer_chat_id	bigint	YES	
t_customer_chat_history	chat_content	text	YES	
t_customer_chat_history	created_by	bigint	NO	
t_customer_chat_history	created_on	datetime	NO	
t_customer_chat_history	modified_by	bigint	YES	
t_customer_chat_history	modified_on	datetime	YES	
t_customer_chat_history	deleted_by	bigint	YES	
t_customer_chat_history	deleted_on	datetime	YES	
t_customer_chat_history	is_delete	tinyint(1)	NO	
t_customer_custom_nominal	id	bigint	NO	PRI
t_customer_custom_nominal	customer_id	bigint	YES	
t_customer_custom_nominal	nominal	int	YES	
t_customer_custom_nominal	created_by	bigint	NO	
t_customer_custom_nominal	created_on	datetime	NO	
t_customer_custom_nominal	modified_by	bigint	YES	
t_customer_custom_nominal	modified_on	datetime	YES	
t_customer_custom_nominal	deleted_by	bigint	YES	
t_customer_custom_nominal	deleted_on	datetime	YES	
t_customer_custom_nominal	is_delete	tinyint(1)	NO	
t_customer_registered_card	id	bigint	NO	PRI
t_customer_registered_card	customer_id	bigint	YES	
t_customer_registered_card	card_number	varchar(20)	YES	
t_customer_registered_card	validity_period	date	YES	
t_customer_registered_card	cvv	varchar(5)	YES	
t_customer_registered_card	created_by	bigint	NO	
t_customer_registered_card	created_on	datetime	NO	
t_customer_registered_card	modified_by	bigint	YES	
t_customer_registered_card	modified_on	datetime	YES	
t_customer_registered_card	deleted_by	bigint	YES	
t_customer_registered_card	deleted_on	datetime	YES	
t_customer_registered_card	is_delete	tinyint(1)	NO	
t_customer_va	id	bigint	NO	PRI
t_customer_va	customer_id	bigint	YES	
t_customer_va	va_number	varchar(30)	YES	
t_customer_va	created_by	bigint	NO	
t_customer_va	created_on	datetime	NO	
t_customer_va	modified_by	bigint	YES	
t_customer_va	modified_on	datetime	YES	
t_customer_va	deleted_by	bigint	YES	
t_customer_va	deleted_on	datetime	YES	
t_customer_va	is_delete	tinyint(1)	NO	
t_customer_va_history	id	bigint	NO	PRI
t_customer_va_history	customer_va_id	bigint	YES	
t_customer_va_history	amount	decimal(10,0)	YES	
t_customer_va_history	expired_on	datetime	YES	
t_customer_va_history	created_by	bigint	NO	
t_customer_va_history	created_on	datetime	NO	
t_customer_va_history	modified_by	bigint	YES	
t_customer_va_history	modified_on	datetime	YES	
t_customer_va_history	deleted_by	bigint	YES	
t_customer_va_history	deleted_on	datetime	YES	
t_customer_va_history	is_delete	tinyint(1)	NO	
t_customer_wallet	id	bigint	NO	PRI
t_customer_wallet	customer_id	bigint	YES	
t_customer_wallet	pin	varchar(6)	YES	
t_customer_wallet	balance	decimal(10,0)	YES	
t_customer_wallet	barcode	varchar(50)	YES	
t_customer_wallet	points	decimal(10,0)	YES	
t_customer_wallet	created_by	bigint	NO	
t_customer_wallet	created_on	datetime	NO	
t_customer_wallet	modified_by	bigint	YES	
t_customer_wallet	modified_on	datetime	YES	
t_customer_wallet	deleted_by	bigint	YES	
t_customer_wallet	deleted_on	datetime	YES	
t_customer_wallet	is_delete	tinyint(1)	NO	
t_customer_wallet_top_up	id	bigint	NO	PRI
t_customer_wallet_top_up	customer_wallet_id	bigint	YES	
t_customer_wallet_top_up	amount	decimal(10,0)	YES	
t_customer_wallet_top_up	created_by	bigint	NO	
t_customer_wallet_top_up	created_on	datetime	NO	
t_customer_wallet_top_up	modified_by	bigint	YES	
t_customer_wallet_top_up	modified_on	datetime	YES	
t_customer_wallet_top_up	deleted_by	bigint	YES	
t_customer_wallet_top_up	deleted_on	datetime	YES	
t_customer_wallet_top_up	is_delete	tinyint(1)	NO	
t_customer_wallet_withdraw	id	bigint	NO	PRI
t_customer_wallet_withdraw	customer_id	bigint	NO	
t_customer_wallet_withdraw	wallet_default_nominal_id	bigint	YES	
t_customer_wallet_withdraw	amount	int	NO	
t_customer_wallet_withdraw	bank_name	varchar(50)	NO	
t_customer_wallet_withdraw	account_number	varchar(50)	NO	
t_customer_wallet_withdraw	account_name	varchar(255)	NO	
t_customer_wallet_withdraw	otp	int	NO	
t_customer_wallet_withdraw	created_by	bigint	NO	
t_customer_wallet_withdraw	created_on	datetime	NO	
t_customer_wallet_withdraw	modified_by	bigint	YES	
t_customer_wallet_withdraw	modified_on	datetime	YES	
t_customer_wallet_withdraw	deleted_by	bigint	YES	
t_customer_wallet_withdraw	deleted_on	datetime	YES	
t_customer_wallet_withdraw	is_delete	tinyint(1)	NO	
t_doctor_office	id	bigint	NO	PRI
t_doctor_office	doctor_id	bigint	YES	
t_doctor_office	medical_facility_id	bigint	YES	
t_doctor_office	specialization	varchar(100)	YES	
t_doctor_office	created_by	bigint	NO	
t_doctor_office	created_on	datetime	NO	
t_doctor_office	modified_by	bigint	YES	
t_doctor_office	modified_on	datetime	YES	
t_doctor_office	deleted_by	bigint	YES	
t_doctor_office	deleted_on	datetime	YES	
t_doctor_office	is_delete	tinyint(1)	NO	
t_doctor_office_schedule	id	bigint	NO	PRI
t_doctor_office_schedule	doctor_id	bigint	YES	
t_doctor_office_schedule	medical_facility_schedule_id	bigint	YES	
t_doctor_office_schedule	slot	int	YES	
t_doctor_office_schedule	created_by	bigint	NO	
t_doctor_office_schedule	created_on	datetime	NO	
t_doctor_office_schedule	modified_by	bigint	YES	
t_doctor_office_schedule	modified_on	datetime	YES	
t_doctor_office_schedule	deleted_by	bigint	YES	
t_doctor_office_schedule	deleted_on	datetime	YES	
t_doctor_office_schedule	is_delete	tinyint(1)	NO	
t_doctor_office_treatment	id	bigint	NO	PRI
t_doctor_office_treatment	doctor_treatment_id	bigint	YES	
t_doctor_office_treatment	doctor_office_id	bigint	YES	
t_doctor_office_treatment	created_by	bigint	NO	
t_doctor_office_treatment	created_on	datetime	NO	
t_doctor_office_treatment	modified_by	bigint	YES	
t_doctor_office_treatment	modified_on	datetime	YES	
t_doctor_office_treatment	deleted_by	bigint	YES	
t_doctor_office_treatment	deleted_on	datetime	YES	
t_doctor_office_treatment	is_delete	tinyint(1)	NO	
t_doctor_office_treatment_price	id	bigint	NO	PRI
t_doctor_office_treatment_price	doctor_office_treatment_id	bigint	YES	
t_doctor_office_treatment_price	price	decimal(10,0)	YES	
t_doctor_office_treatment_price	price_start_from	decimal(10,0)	YES	
t_doctor_office_treatment_price	price_until_from	decimal(10,0)	YES	
t_doctor_office_treatment_price	created_by	bigint	NO	
t_doctor_office_treatment_price	created_on	datetime	NO	
t_doctor_office_treatment_price	modified_by	bigint	YES	
t_doctor_office_treatment_price	modified_on	datetime	YES	
t_doctor_office_treatment_price	deleted_by	bigint	YES	
t_doctor_office_treatment_price	deleted_on	datetime	YES	
t_doctor_office_treatment_price	is_delete	tinyint(1)	NO	
t_doctor_treatment	id	bigint	NO	PRI
t_doctor_treatment	doctor_id	bigint	YES	
t_doctor_treatment	name	varchar(50)	YES	
t_doctor_treatment	created_by	bigint	NO	
t_doctor_treatment	created_on	datetime	NO	
t_doctor_treatment	modified_by	bigint	YES	
t_doctor_treatment	modified_on	datetime	YES	
t_doctor_treatment	deleted_by	bigint	YES	
t_doctor_treatment	deleted_on	datetime	YES	
t_doctor_treatment	is_delete	tinyint(1)	NO	
t_medical_item_purchase	id	bigint	NO	PRI
t_medical_item_purchase	customer_id	bigint	YES	
t_medical_item_purchase	payment_method_id	bigint	YES	
t_medical_item_purchase	created_by	bigint	NO	
t_medical_item_purchase	created_on	datetime	NO	
t_medical_item_purchase	modified_by	bigint	YES	
t_medical_item_purchase	modified_on	datetime	YES	
t_medical_item_purchase	deleted_by	bigint	YES	
t_medical_item_purchase	deleted_on	datetime	YES	
t_medical_item_purchase	is_delete	tinyint(1)	NO	
t_medical_item_purchase_detail	id	bigint	NO	PRI
t_medical_item_purchase_detail	medical_item_purchase_id	bigint	YES	
t_medical_item_purchase_detail	medical_item_id	bigint	YES	
t_medical_item_purchase_detail	qty	int	YES	
t_medical_item_purchase_detail	medical_facility_id	bigint	YES	
t_medical_item_purchase_detail	courir_id	bigint	YES	
t_medical_item_purchase_detail	sub_total	decimal(10,0)	YES	
t_medical_item_purchase_detail	created_by	bigint	NO	
t_medical_item_purchase_detail	created_on	datetime	NO	
t_medical_item_purchase_detail	modified_by	bigint	YES	
t_medical_item_purchase_detail	modified_on	datetime	YES	
t_medical_item_purchase_detail	deleted_by	bigint	YES	
t_medical_item_purchase_detail	deleted_on	datetime	YES	
t_medical_item_purchase_detail	is_delete	tinyint(1)	NO	
t_reset_password	id	bigint	NO	PRI
t_reset_password	old_password	varchar(255)	YES	
t_reset_password	new_password	varchar(255)	YES	
t_reset_password	reset_for	varchar(20)	YES	
t_reset_password	created_by	bigint	NO	
t_reset_password	created_on	datetime	NO	
t_reset_password	modified_by	bigint	YES	
t_reset_password	modified_on	datetime	YES	
t_reset_password	deleted_by	bigint	YES	
t_reset_password	deleted_on	datetime	YES	
t_reset_password	is_delete	tinyint(1)	NO	
t_token	id	bigint	NO	PRI
t_token	email	varchar(100)	YES	
t_token	user_id	bigint	YES	
t_token	token	varchar(50)	YES	
t_token	expired_on	datetime	YES	
t_token	is_expired	tinyint(1)	YES	
t_token	used_for	varchar(20)	YES	
t_token	created_by	bigint	NO	
t_token	created_on	datetime	NO	
t_token	modified_by	bigint	YES	
t_token	modified_on	datetime	YES	
t_token	deleted_by	bigint	YES	
t_token	deleted_on	datetime	YES	
t_token	is_delete	tinyint(1)	NO	
t_treatment_discount	id	bigint	NO	PRI
t_treatment_discount	doctor_office_treatment_price_id	bigint	YES	
t_treatment_discount	value	decimal(10,0)	YES	
t_treatment_discount	created_by	bigint	NO	
t_treatment_discount	created_on	datetime	NO	
t_treatment_discount	modified_by	bigint	YES	
t_treatment_discount	modified_on	datetime	YES	
t_treatment_discount	deleted_by	bigint	YES	
t_treatment_discount	deleted_on	datetime	YES	
t_treatment_discount	is_delete	tinyint(1)	NO	
